project;system;config_node_count;config_node_fraction;project_only;total;rank;name;additional_nodes
project;system;config_node_count;config_node_fraction;project_only;total;rank;name;additional_nodes
project;system;config_node_count;config_node_fraction;project_only;total;rank;name;additional_nodes
github.com/VictoriaMetrics/VictoriaMetrics;runVM_pprof;100000;0.00000;true;17;1;0-0-0_Baseline_lib-storage_BenchmarkIndexDBAddTSIDs_cpu_pprof__100000__0_00000__0_00000.dot;138
github.com/VictoriaMetrics/VictoriaMetrics;runVM_pprof;100000;0.00000;true;17;2;0-0-0_Baseline_lib-storage_BenchmarkStorageAddRows_cpu_pprof__100000__0_00000__0_00000.dot;84
github.com/VictoriaMetrics/VictoriaMetrics;runVM_pprof;100000;0.00000;true;17;3;0-0-0_Baseline_lib-storage_BenchmarkMergeBlockStreamsFourSourcesBestCase_cpu_pprof__100000__0_00000__0_00000.dot;20
github.com/VictoriaMetrics/VictoriaMetrics;runVM_pprof;100000;0.00000;true;17;4;0-0-0_Baseline_lib-storage_BenchmarkInmemoryPartInitFromRowsWorstCase_cpu_pprof__100000__0_00000__0_00000.dot;15
github.com/VictoriaMetrics/VictoriaMetrics;runVM_pprof;100000;0.00000;true;17;5;0-0-0_Baseline_lib-uint64set_BenchmarkAddMulti_cpu_pprof__100000__0_00000__0_00000.dot;14
github.com/VictoriaMetrics/VictoriaMetrics;runVM_pprof;100000;0.00000;true;17;6;0-0-0_Baseline_lib-protoparser-influx_BenchmarkRowsUnmarshal_cpu_pprof__100000__0_00000__0_00000.dot;13
github.com/VictoriaMetrics/VictoriaMetrics;runVM_pprof;100000;0.00000;true;17;7;0-0-0_Baseline_lib-storage_BenchmarkMergeBlockStreamsFourSourcesWorstCase_cpu_pprof__100000__0_00000__0_00000.dot;9
github.com/VictoriaMetrics/VictoriaMetrics;runVM_pprof;100000;0.00000;true;17;8;0-0-0_Baseline_lib-uint64set_BenchmarkIntersectPartialOverlap_cpu_pprof__100000__0_00000__0_00000.dot;8
github.com/VictoriaMetrics/VictoriaMetrics;runVM_pprof;100000;0.00000;true;17;9;0-0-0_Baseline_lib-storage_BenchmarkBlockStreamWriterRowsBestCase_cpu_pprof__100000__0_00000__0_00000.dot;3
github.com/VictoriaMetrics/VictoriaMetrics;runVM_pprof;100000;0.00000;true;17;10;0-0-0_Baseline_lib-uint64set_BenchmarkSetHasMiss_cpu_pprof__100000__0_00000__0_00000.dot;2
github.com/VictoriaMetrics/VictoriaMetrics;runVM_pprof;100000;0.00000;true;17;11;0-0-0_Baseline_lib-decimal_BenchmarkAppendDecimalToFloat_cpu_pprof__100000__0_00000__0_00000.dot;2
github.com/VictoriaMetrics/VictoriaMetrics;runVM_pprof;100000;0.00000;true;17;12;0-0-0_Baseline_lib-mergeset_BenchmarkInmemoryBlockUnmarshal_cpu_pprof__100000__0_00000__0_00000.dot;1
github.com/VictoriaMetrics/VictoriaMetrics;runVM_pprof;100000;0.00000;true;17;13;0-0-0_Baseline_lib-storage_BenchmarkBlockStreamReaderBlocksWorstCase_cpu_pprof__100000__0_00000__0_00000.dot;1
github.com/VictoriaMetrics/VictoriaMetrics;runVM_pprof;100000;0.00000;true;17;14;0-0-0_Baseline_lib-storage_BenchmarkIndexDBGetTSIDs_cpu_pprof__100000__0_00000__0_00000.dot;1
github.com/VictoriaMetrics/VictoriaMetrics;runVM_pprof;100000;0.00000;true;17;15;0-0-0_Baseline_app-vmselect-promql_BenchmarkRollupAvg_cpu_pprof__100000__0_00000__0_00000.dot;1
github.com/VictoriaMetrics/VictoriaMetrics;runVM_pprof;100000;0.00000;true;17;16;0-0-0_Baseline_lib-storage_BenchmarkDeduplicateSamples_cpu_pprof__100000__0_00000__0_00000.dot;1
github.com/VictoriaMetrics/VictoriaMetrics;runVM_pprof;100000;0.00000;true;17;17;0-0-0_Baseline_lib-decimal_BenchmarkAppendFloatToDecimal_cpu_pprof__100000__0_00000__0_00000.dot;1
github.com/VictoriaMetrics/VictoriaMetrics;runVM_pprof;100000;0.00000;false;17;1;0-0-0_Baseline_lib-storage_BenchmarkIndexDBAddTSIDs_cpu_pprof__100000__0_00000__0_00000.dot;138
github.com/VictoriaMetrics/VictoriaMetrics;runVM_pprof;100000;0.00000;false;17;2;0-0-0_Baseline_lib-storage_BenchmarkStorageAddRows_cpu_pprof__100000__0_00000__0_00000.dot;84
github.com/VictoriaMetrics/VictoriaMetrics;runVM_pprof;100000;0.00000;false;17;3;0-0-0_Baseline_lib-storage_BenchmarkMergeBlockStreamsFourSourcesBestCase_cpu_pprof__100000__0_00000__0_00000.dot;20
github.com/VictoriaMetrics/VictoriaMetrics;runVM_pprof;100000;0.00000;false;17;4;0-0-0_Baseline_lib-storage_BenchmarkInmemoryPartInitFromRowsWorstCase_cpu_pprof__100000__0_00000__0_00000.dot;15
github.com/VictoriaMetrics/VictoriaMetrics;runVM_pprof;100000;0.00000;false;17;5;0-0-0_Baseline_lib-uint64set_BenchmarkAddMulti_cpu_pprof__100000__0_00000__0_00000.dot;14
github.com/VictoriaMetrics/VictoriaMetrics;runVM_pprof;100000;0.00000;false;17;6;0-0-0_Baseline_lib-protoparser-influx_BenchmarkRowsUnmarshal_cpu_pprof__100000__0_00000__0_00000.dot;13
github.com/VictoriaMetrics/VictoriaMetrics;runVM_pprof;100000;0.00000;false;17;7;0-0-0_Baseline_lib-storage_BenchmarkMergeBlockStreamsFourSourcesWorstCase_cpu_pprof__100000__0_00000__0_00000.dot;9
github.com/VictoriaMetrics/VictoriaMetrics;runVM_pprof;100000;0.00000;false;17;8;0-0-0_Baseline_lib-uint64set_BenchmarkIntersectPartialOverlap_cpu_pprof__100000__0_00000__0_00000.dot;8
github.com/VictoriaMetrics/VictoriaMetrics;runVM_pprof;100000;0.00000;false;17;9;0-0-0_Baseline_lib-storage_BenchmarkBlockStreamWriterRowsBestCase_cpu_pprof__100000__0_00000__0_00000.dot;3
github.com/VictoriaMetrics/VictoriaMetrics;runVM_pprof;100000;0.00000;false;17;10;0-0-0_Baseline_lib-decimal_BenchmarkAppendDecimalToFloat_cpu_pprof__100000__0_00000__0_00000.dot;2
github.com/VictoriaMetrics/VictoriaMetrics;runVM_pprof;100000;0.00000;false;17;11;0-0-0_Baseline_lib-uint64set_BenchmarkSetHasMiss_cpu_pprof__100000__0_00000__0_00000.dot;2
github.com/VictoriaMetrics/VictoriaMetrics;runVM_pprof;100000;0.00000;false;17;12;0-0-0_Baseline_lib-storage_BenchmarkBlockStreamReaderRowsWorstCase_cpu_pprof__100000__0_00000__0_00000.dot;1
github.com/VictoriaMetrics/VictoriaMetrics;runVM_pprof;100000;0.00000;false;17;13;0-0-0_Baseline_lib-mergeset_BenchmarkInmemoryBlockUnmarshal_cpu_pprof__100000__0_00000__0_00000.dot;1
github.com/VictoriaMetrics/VictoriaMetrics;runVM_pprof;100000;0.00000;false;17;14;0-0-0_Baseline_lib-storage_BenchmarkDeduplicateSamples_cpu_pprof__100000__0_00000__0_00000.dot;1
github.com/VictoriaMetrics/VictoriaMetrics;runVM_pprof;100000;0.00000;false;17;15;0-0-0_Baseline_app-vmselect-promql_BenchmarkRollupAvg_cpu_pprof__100000__0_00000__0_00000.dot;1
github.com/VictoriaMetrics/VictoriaMetrics;runVM_pprof;100000;0.00000;false;17;16;0-0-0_Baseline_lib-storage_BenchmarkIndexDBGetTSIDs_cpu_pprof__100000__0_00000__0_00000.dot;1
github.com/VictoriaMetrics/VictoriaMetrics;runVM_pprof;100000;0.00000;false;17;17;0-0-0_Baseline_lib-decimal_BenchmarkAppendFloatToDecimal_cpu_pprof__100000__0_00000__0_00000.dot;1
